silhouette,calinski,davies_bouldin,ARI,NMI,Purity,method
0.10229266434907913,69.3219907932383,1.4538256971885068,0.016694252859671913,0.11556720837184553,0.173,CVAE+KMeans
