method,silhouette,calinski_harabasz
PCA+KMeans,0.23751388490200043,524.6562049913216
VAE+KMeans,0.16103796660900116,173.7454682253214
